shift,avg_delay,total_violations,total_aggressive_incidents,avg_rating
afternoon,22.94039735099338,223,4,3.7922516556291392
morning,24.547486033519554,254,11,3.742905027932961
night,21.347058823529412,247,7,3.8222352941176467
